subscription_id,user_id,churn_date,churn_reason,mrr
50002,10002,2025-11-10,Switched to direct competitor,15.0
50003,10003,2024-04-03,Switched to direct competitor,15.0
50004,10004,2022-08-17,Missing features or platform limitations,15.0
50005,10005,2023-09-26,Price is too high / Budget cuts,15.0
50007,10007,2025-12-15,Technical support backlog / unresolved SLA,15.0
50009,10009,2024-12-10,Price is too high / Budget cuts,15.0
50010,10010,2025-10-31,Underutilization / poor feature onboarding,15.0
50011,10011,2025-12-16,Price is too high / Budget cuts,15.0
50012,10012,2023-03-12,Price is too high / Budget cuts,99.0
50013,10013,2024-09-30,Price is too high / Budget cuts,15.0
50019,10019,2025-04-23,Price is too high / Budget cuts,15.0
50020,10020,2025-12-07,Technical support backlog / unresolved SLA,15.0
50023,10023,2024-01-29,Underutilization / poor feature onboarding,99.0
50026,10026,2022-06-10,Price is too high / Budget cuts,15.0
50029,10029,2024-07-13,Underutilization / poor feature onboarding,15.0
50030,10030,2023-11-29,Underutilization / poor feature onboarding,15.0
50033,10033,2025-06-25,Switched to direct competitor,99.0
50034,10034,2025-04-25,Underutilization / poor feature onboarding,15.0
50037,10037,2024-08-02,Underutilization / poor feature onboarding,15.0
50042,10042,2025-06-04,Missing features or platform limitations,15.0
50043,10043,2024-10-12,Switched to direct competitor,15.0
50044,10044,2025-10-11,Switched to direct competitor,15.0
50045,10045,2023-04-16,Switched to direct competitor,15.0
50046,10046,2025-02-07,Underutilization / poor feature onboarding,15.0
50048,10048,2023-09-15,Switched to direct competitor,15.0
50051,10051,2025-09-11,Price is too high / Budget cuts,15.0
50052,10052,2025-03-27,Price is too high / Budget cuts,15.0
50053,10053,2024-03-22,Price is too high / Budget cuts,15.0
50055,10055,2024-11-26,Switched to direct competitor,15.0
50058,10058,2023-06-29,Price is too high / Budget cuts,15.0
50060,10060,2025-06-09,Missing features or platform limitations,15.0
50068,10068,2025-04-12,Switched to direct competitor,15.0
50070,10070,2024-06-28,Switched to direct competitor,99.0
50071,10071,2025-12-26,Underutilization / poor feature onboarding,15.0
50078,10078,2025-08-01,Technical support backlog / unresolved SLA,15.0
50079,10079,2024-05-30,Switched to direct competitor,499.0
50081,10081,2025-12-06,Technical support backlog / unresolved SLA,499.0
50084,10084,2025-03-27,Price is too high / Budget cuts,15.0
50087,10087,2024-08-27,Price is too high / Budget cuts,15.0
50088,10088,2025-01-03,Price is too high / Budget cuts,15.0
50089,10089,2025-09-14,Missing features or platform limitations,99.0
50091,10091,2025-09-05,Underutilization / poor feature onboarding,15.0
50092,10092,2024-04-28,Underutilization / poor feature onboarding,99.0
50095,10095,2025-05-20,Price is too high / Budget cuts,15.0
50096,10096,2025-04-01,Price is too high / Budget cuts,15.0
50097,10097,2025-02-08,Technical support backlog / unresolved SLA,15.0
50100,10100,2025-02-04,Price is too high / Budget cuts,15.0
50103,10103,2024-11-27,Price is too high / Budget cuts,99.0
50104,10104,2024-11-27,Switched to direct competitor,15.0
50107,10107,2024-07-07,Price is too high / Budget cuts,15.0
50109,10109,2023-06-27,Underutilization / poor feature onboarding,15.0
50111,10111,2025-12-19,Switched to direct competitor,499.0
50112,10112,2025-07-10,Switched to direct competitor,15.0
50115,10115,2025-12-04,Underutilization / poor feature onboarding,99.0
50117,10117,2025-07-11,Missing features or platform limitations,15.0
50118,10118,2025-12-17,Underutilization / poor feature onboarding,15.0
50125,10125,2024-06-15,Technical support backlog / unresolved SLA,15.0
50132,10132,2024-11-12,Price is too high / Budget cuts,15.0
50133,10133,2023-08-18,Price is too high / Budget cuts,15.0
50134,10134,2025-10-29,Missing features or platform limitations,99.0
50135,10135,2024-07-09,Underutilization / poor feature onboarding,15.0
50136,10136,2025-02-24,Underutilization / poor feature onboarding,15.0
50137,10137,2024-05-12,Underutilization / poor feature onboarding,15.0
50138,10138,2025-01-28,Underutilization / poor feature onboarding,15.0
50139,10139,2025-01-14,Missing features or platform limitations,99.0
50141,10141,2025-04-04,Switched to direct competitor,15.0
50142,10142,2025-12-20,Underutilization / poor feature onboarding,499.0
50143,10143,2024-09-30,Price is too high / Budget cuts,15.0
50148,10148,2024-07-20,Price is too high / Budget cuts,15.0
50150,10150,2025-10-14,Missing features or platform limitations,499.0
50154,10154,2025-07-15,Technical support backlog / unresolved SLA,99.0
50155,10155,2025-12-17,Underutilization / poor feature onboarding,15.0
50157,10157,2024-09-11,Price is too high / Budget cuts,15.0
50158,10158,2024-05-29,Price is too high / Budget cuts,15.0
50159,10159,2024-03-10,Price is too high / Budget cuts,15.0
50163,10163,2024-05-16,Price is too high / Budget cuts,15.0
50164,10164,2025-11-16,Switched to direct competitor,15.0
50168,10168,2025-07-27,Missing features or platform limitations,99.0
50171,10171,2025-03-18,Switched to direct competitor,15.0
50172,10172,2022-05-04,Missing features or platform limitations,15.0
50173,10173,2024-09-04,Technical support backlog / unresolved SLA,15.0
50174,10174,2025-12-03,Switched to direct competitor,15.0
50175,10175,2025-12-14,Underutilization / poor feature onboarding,99.0
50176,10176,2024-11-09,Missing features or platform limitations,15.0
50179,10179,2025-09-20,Price is too high / Budget cuts,15.0
50181,10181,2023-04-05,Price is too high / Budget cuts,15.0
50190,10190,2024-07-18,Price is too high / Budget cuts,15.0
50193,10193,2023-04-01,Underutilization / poor feature onboarding,15.0
50195,10195,2025-12-20,Missing features or platform limitations,15.0
50196,10196,2025-12-03,Price is too high / Budget cuts,15.0
50198,10198,2025-03-22,Technical support backlog / unresolved SLA,15.0
50200,10200,2024-06-25,Price is too high / Budget cuts,99.0
50202,10202,2025-06-28,Price is too high / Budget cuts,15.0
50203,10203,2025-08-20,Switched to direct competitor,15.0
50205,10205,2025-03-17,Underutilization / poor feature onboarding,15.0
50209,10209,2025-08-28,Price is too high / Budget cuts,15.0
50210,10210,2025-12-09,Price is too high / Budget cuts,99.0
50212,10212,2025-08-25,Price is too high / Budget cuts,15.0
50213,10213,2025-12-26,Missing features or platform limitations,15.0
50219,10219,2024-03-14,Underutilization / poor feature onboarding,15.0
50220,10220,2023-10-22,Price is too high / Budget cuts,15.0
50222,10222,2025-12-19,Underutilization / poor feature onboarding,15.0
50224,10224,2023-12-02,Switched to direct competitor,15.0
50226,10226,2025-12-22,Price is too high / Budget cuts,15.0
50227,10227,2024-07-28,Missing features or platform limitations,99.0
50231,10231,2025-09-13,Underutilization / poor feature onboarding,99.0
50232,10232,2025-04-07,Price is too high / Budget cuts,15.0
50234,10234,2024-03-22,Missing features or platform limitations,499.0
50236,10236,2025-12-26,Technical support backlog / unresolved SLA,99.0
50238,10238,2025-12-04,Price is too high / Budget cuts,499.0
50240,10240,2023-06-19,Underutilization / poor feature onboarding,15.0
50243,10243,2025-07-29,Underutilization / poor feature onboarding,15.0
50245,10245,2023-07-01,Switched to direct competitor,15.0
50246,10246,2023-02-15,Switched to direct competitor,15.0
50248,10248,2025-12-15,Switched to direct competitor,99.0
50249,10249,2024-12-30,Switched to direct competitor,15.0
50250,10250,2024-02-13,Price is too high / Budget cuts,15.0
50252,10252,2024-10-28,Underutilization / poor feature onboarding,15.0
50255,10255,2023-12-05,Underutilization / poor feature onboarding,99.0
50257,10257,2025-04-04,Technical support backlog / unresolved SLA,99.0
50258,10258,2023-05-10,Switched to direct competitor,15.0
50259,10259,2024-11-19,Switched to direct competitor,15.0
50262,10262,2025-03-19,Technical support backlog / unresolved SLA,99.0
50264,10264,2025-10-24,Technical support backlog / unresolved SLA,15.0
50265,10265,2024-06-24,Price is too high / Budget cuts,15.0
50267,10267,2023-02-08,Missing features or platform limitations,15.0
50269,10269,2024-12-06,Technical support backlog / unresolved SLA,99.0
50271,10271,2024-05-30,Price is too high / Budget cuts,15.0
50276,10276,2024-01-02,Price is too high / Budget cuts,15.0
50280,10280,2024-04-10,Switched to direct competitor,99.0
50281,10281,2025-12-16,Underutilization / poor feature onboarding,15.0
50283,10283,2023-10-24,Price is too high / Budget cuts,15.0
50284,10284,2025-04-07,Switched to direct competitor,15.0
50285,10285,2024-05-13,Switched to direct competitor,15.0
50286,10286,2025-05-22,Missing features or platform limitations,15.0
50288,10288,2023-01-22,Technical support backlog / unresolved SLA,15.0
50291,10291,2024-05-10,Underutilization / poor feature onboarding,15.0
50295,10295,2023-12-24,Price is too high / Budget cuts,15.0
50300,10300,2024-12-16,Price is too high / Budget cuts,15.0
50305,10305,2025-06-20,Switched to direct competitor,15.0
50307,10307,2025-02-12,Price is too high / Budget cuts,15.0
50308,10308,2024-11-24,Price is too high / Budget cuts,15.0
50311,10311,2023-09-12,Switched to direct competitor,15.0
50313,10313,2025-07-29,Price is too high / Budget cuts,15.0
50314,10314,2024-09-26,Technical support backlog / unresolved SLA,15.0
50315,10315,2025-02-15,Missing features or platform limitations,15.0
50316,10316,2024-11-10,Underutilization / poor feature onboarding,499.0
50317,10317,2025-10-07,Switched to direct competitor,99.0
50321,10321,2022-12-10,Price is too high / Budget cuts,15.0
50323,10323,2024-03-06,Missing features or platform limitations,99.0
50324,10324,2025-09-08,Underutilization / poor feature onboarding,15.0
50328,10328,2025-05-29,Underutilization / poor feature onboarding,15.0
50331,10331,2025-08-08,Price is too high / Budget cuts,15.0
50332,10332,2025-01-08,Price is too high / Budget cuts,15.0
50333,10333,2025-03-07,Switched to direct competitor,15.0
50335,10335,2025-05-19,Underutilization / poor feature onboarding,15.0
50338,10338,2024-09-06,Technical support backlog / unresolved SLA,15.0
50339,10339,2025-11-04,Switched to direct competitor,15.0
50340,10340,2024-01-01,Technical support backlog / unresolved SLA,15.0
50343,10343,2024-04-17,Switched to direct competitor,15.0
50345,10345,2024-07-12,Price is too high / Budget cuts,15.0
50347,10347,2024-02-23,Switched to direct competitor,15.0
50348,10348,2024-06-24,Missing features or platform limitations,15.0
50350,10350,2025-12-03,Price is too high / Budget cuts,15.0
50351,10351,2024-01-31,Price is too high / Budget cuts,15.0
50352,10352,2024-07-04,Switched to direct competitor,15.0
50353,10353,2023-05-02,Price is too high / Budget cuts,15.0
50355,10355,2025-03-21,Switched to direct competitor,15.0
50356,10356,2024-08-03,Price is too high / Budget cuts,15.0
50365,10365,2025-04-15,Underutilization / poor feature onboarding,99.0
50367,10367,2024-01-01,Technical support backlog / unresolved SLA,99.0
50368,10368,2025-12-11,Missing features or platform limitations,15.0
50370,10370,2025-04-07,Switched to direct competitor,99.0
50375,10375,2023-03-01,Missing features or platform limitations,99.0
50382,10382,2024-03-30,Switched to direct competitor,15.0
50386,10386,2025-05-20,Underutilization / poor feature onboarding,99.0
50388,10388,2025-06-28,Price is too high / Budget cuts,15.0
50393,10393,2025-02-27,Price is too high / Budget cuts,15.0
50396,10396,2025-03-09,Technical support backlog / unresolved SLA,15.0
50397,10397,2024-07-16,Price is too high / Budget cuts,15.0
50399,10399,2023-12-03,Switched to direct competitor,15.0
50400,10400,2024-01-03,Underutilization / poor feature onboarding,15.0
50403,10403,2022-11-22,Switched to direct competitor,15.0
50406,10406,2025-02-22,Missing features or platform limitations,15.0
50407,10407,2023-04-25,Missing features or platform limitations,99.0
50408,10408,2023-10-04,Underutilization / poor feature onboarding,99.0
50409,10409,2025-12-08,Underutilization / poor feature onboarding,99.0
50412,10412,2025-05-22,Missing features or platform limitations,99.0
50415,10415,2025-04-03,Missing features or platform limitations,15.0
50416,10416,2025-12-05,Price is too high / Budget cuts,15.0
50417,10417,2025-07-03,Switched to direct competitor,15.0
50422,10422,2025-02-01,Price is too high / Budget cuts,15.0
50425,10425,2023-10-25,Missing features or platform limitations,15.0
50428,10428,2024-03-09,Switched to direct competitor,15.0
50429,10429,2023-12-30,Technical support backlog / unresolved SLA,15.0
50431,10431,2025-01-08,Switched to direct competitor,99.0
50433,10433,2024-10-20,Price is too high / Budget cuts,15.0
50435,10435,2025-08-31,Technical support backlog / unresolved SLA,15.0
50440,10440,2025-10-06,Price is too high / Budget cuts,99.0
50446,10446,2025-12-08,Underutilization / poor feature onboarding,99.0
50448,10448,2024-12-18,Price is too high / Budget cuts,15.0
50449,10449,2025-06-10,Missing features or platform limitations,15.0
50450,10450,2025-04-13,Underutilization / poor feature onboarding,15.0
50455,10455,2024-10-19,Switched to direct competitor,15.0
50457,10457,2025-08-07,Underutilization / poor feature onboarding,99.0
50458,10458,2025-12-14,Price is too high / Budget cuts,15.0
50460,10460,2023-11-19,Switched to direct competitor,499.0
50461,10461,2024-06-10,Switched to direct competitor,15.0
50462,10462,2025-08-14,Switched to direct competitor,15.0
50463,10463,2023-10-12,Switched to direct competitor,15.0
50467,10467,2024-12-31,Underutilization / poor feature onboarding,99.0
50469,10469,2024-01-02,Switched to direct competitor,15.0
50474,10474,2025-10-20,Price is too high / Budget cuts,15.0
50475,10475,2024-07-17,Price is too high / Budget cuts,15.0
50477,10477,2024-10-23,Price is too high / Budget cuts,15.0
50478,10478,2023-03-30,Price is too high / Budget cuts,99.0
50486,10486,2025-12-12,Switched to direct competitor,499.0
50488,10488,2025-06-15,Switched to direct competitor,15.0
50489,10489,2025-01-18,Underutilization / poor feature onboarding,99.0
50490,10490,2025-03-22,Switched to direct competitor,99.0
50494,10494,2025-09-02,Price is too high / Budget cuts,15.0
50495,10495,2025-10-05,Missing features or platform limitations,15.0
50496,10496,2023-04-24,Underutilization / poor feature onboarding,99.0
50497,10497,2022-10-27,Price is too high / Budget cuts,15.0
50500,10500,2024-10-01,Technical support backlog / unresolved SLA,15.0
50502,10502,2023-08-25,Technical support backlog / unresolved SLA,499.0
50505,10505,2024-05-28,Switched to direct competitor,15.0
50508,10508,2024-08-29,Price is too high / Budget cuts,15.0
50509,10509,2024-10-09,Price is too high / Budget cuts,15.0
50510,10510,2024-12-06,Price is too high / Budget cuts,15.0
50512,10512,2025-12-31,Technical support backlog / unresolved SLA,99.0
50513,10513,2025-11-25,Missing features or platform limitations,499.0
50514,10514,2025-10-26,Price is too high / Budget cuts,15.0
50516,10516,2024-12-23,Switched to direct competitor,15.0
50517,10517,2024-10-29,Price is too high / Budget cuts,15.0
50521,10521,2024-08-17,Switched to direct competitor,15.0
50526,10526,2024-09-16,Switched to direct competitor,15.0
50527,10527,2025-05-21,Technical support backlog / unresolved SLA,99.0
50531,10531,2023-08-03,Switched to direct competitor,15.0
50533,10533,2025-12-23,Price is too high / Budget cuts,15.0
50534,10534,2024-03-10,Switched to direct competitor,15.0
50535,10535,2025-12-17,Technical support backlog / unresolved SLA,99.0
50536,10536,2024-10-15,Underutilization / poor feature onboarding,99.0
50537,10537,2025-01-05,Underutilization / poor feature onboarding,99.0
50539,10539,2024-04-09,Price is too high / Budget cuts,15.0
50541,10541,2023-04-13,Technical support backlog / unresolved SLA,15.0
50542,10542,2025-12-10,Price is too high / Budget cuts,15.0
50546,10546,2023-04-04,Switched to direct competitor,99.0
50547,10547,2024-08-30,Switched to direct competitor,15.0
50548,10548,2023-05-02,Price is too high / Budget cuts,15.0
50550,10550,2024-03-13,Price is too high / Budget cuts,15.0
50553,10553,2025-01-02,Underutilization / poor feature onboarding,99.0
50555,10555,2025-01-25,Price is too high / Budget cuts,15.0
50557,10557,2024-09-21,Switched to direct competitor,15.0
50561,10561,2025-07-27,Switched to direct competitor,15.0
50563,10563,2024-03-28,Switched to direct competitor,15.0
50565,10565,2025-03-27,Underutilization / poor feature onboarding,15.0
50567,10567,2025-01-26,Price is too high / Budget cuts,15.0
50568,10568,2025-12-22,Switched to direct competitor,499.0
50571,10571,2024-12-17,Missing features or platform limitations,15.0
50574,10574,2025-08-21,Missing features or platform limitations,15.0
50575,10575,2025-04-24,Underutilization / poor feature onboarding,15.0
50579,10579,2024-12-16,Technical support backlog / unresolved SLA,99.0
50580,10580,2024-09-12,Missing features or platform limitations,99.0
50583,10583,2026-01-01,Underutilization / poor feature onboarding,15.0
50586,10586,2024-06-13,Missing features or platform limitations,15.0
50589,10589,2024-05-28,Price is too high / Budget cuts,15.0
50592,10592,2025-11-19,Price is too high / Budget cuts,15.0
50594,10594,2023-07-09,Switched to direct competitor,15.0
50595,10595,2025-06-11,Missing features or platform limitations,15.0
50599,10599,2025-04-02,Technical support backlog / unresolved SLA,15.0
50602,10602,2023-09-18,Technical support backlog / unresolved SLA,15.0
50603,10603,2023-07-07,Switched to direct competitor,15.0
50604,10604,2023-04-29,Switched to direct competitor,15.0
50605,10605,2025-12-08,Switched to direct competitor,99.0
50606,10606,2025-07-28,Price is too high / Budget cuts,15.0
50607,10607,2022-11-09,Price is too high / Budget cuts,15.0
50608,10608,2025-03-22,Price is too high / Budget cuts,15.0
50609,10609,2025-12-01,Price is too high / Budget cuts,15.0
50610,10610,2024-06-10,Price is too high / Budget cuts,15.0
50611,10611,2023-12-02,Price is too high / Budget cuts,15.0
50612,10612,2025-08-17,Switched to direct competitor,15.0
50614,10614,2025-02-27,Missing features or platform limitations,15.0
50617,10617,2025-02-21,Price is too high / Budget cuts,15.0
50618,10618,2024-10-11,Price is too high / Budget cuts,15.0
50623,10623,2025-01-01,Missing features or platform limitations,99.0
50627,10627,2023-11-25,Price is too high / Budget cuts,15.0
50630,10630,2022-06-30,Underutilization / poor feature onboarding,99.0
50631,10631,2024-05-07,Price is too high / Budget cuts,15.0
50632,10632,2024-08-10,Underutilization / poor feature onboarding,15.0
50634,10634,2024-08-07,Price is too high / Budget cuts,15.0
50635,10635,2023-04-24,Missing features or platform limitations,15.0
50638,10638,2024-11-10,Switched to direct competitor,15.0
50639,10639,2025-07-12,Technical support backlog / unresolved SLA,499.0
50642,10642,2024-06-22,Price is too high / Budget cuts,15.0
50646,10646,2023-04-28,Switched to direct competitor,15.0
50647,10647,2025-12-23,Underutilization / poor feature onboarding,15.0
50648,10648,2025-07-08,Switched to direct competitor,15.0
50651,10651,2025-05-21,Price is too high / Budget cuts,15.0
50652,10652,2024-01-03,Switched to direct competitor,15.0
50656,10656,2025-12-10,Underutilization / poor feature onboarding,15.0
50660,10660,2025-03-12,Price is too high / Budget cuts,15.0
50663,10663,2024-06-09,Price is too high / Budget cuts,15.0
50666,10666,2025-08-01,Price is too high / Budget cuts,99.0
50670,10670,2023-07-09,Switched to direct competitor,15.0
50671,10671,2025-04-02,Technical support backlog / unresolved SLA,99.0
50675,10675,2024-11-09,Underutilization / poor feature onboarding,15.0
50676,10676,2023-06-26,Technical support backlog / unresolved SLA,15.0
50677,10677,2024-08-19,Underutilization / poor feature onboarding,15.0
50680,10680,2024-04-01,Underutilization / poor feature onboarding,15.0
50681,10681,2024-11-22,Switched to direct competitor,15.0
50687,10687,2023-09-22,Missing features or platform limitations,99.0
50689,10689,2025-12-10,Price is too high / Budget cuts,15.0
50693,10693,2025-12-14,Underutilization / poor feature onboarding,99.0
50694,10694,2025-12-23,Technical support backlog / unresolved SLA,15.0
50695,10695,2025-12-21,Price is too high / Budget cuts,15.0
50697,10697,2025-04-08,Underutilization / poor feature onboarding,15.0
50699,10699,2024-10-21,Missing features or platform limitations,99.0
50703,10703,2025-04-11,Price is too high / Budget cuts,15.0
50704,10704,2025-04-23,Price is too high / Budget cuts,15.0
50705,10705,2025-12-13,Technical support backlog / unresolved SLA,15.0
50708,10708,2025-03-07,Price is too high / Budget cuts,99.0
50710,10710,2023-04-26,Price is too high / Budget cuts,15.0
50711,10711,2024-03-09,Price is too high / Budget cuts,15.0
50712,10712,2023-06-07,Switched to direct competitor,15.0
50713,10713,2025-12-23,Technical support backlog / unresolved SLA,15.0
50714,10714,2023-08-21,Switched to direct competitor,15.0
50715,10715,2025-06-30,Missing features or platform limitations,15.0
50716,10716,2023-11-25,Price is too high / Budget cuts,15.0
50718,10718,2025-12-26,Underutilization / poor feature onboarding,99.0
50719,10719,2025-12-08,Price is too high / Budget cuts,15.0
50720,10720,2025-10-22,Underutilization / poor feature onboarding,15.0
50722,10722,2025-11-14,Price is too high / Budget cuts,15.0
50723,10723,2025-12-04,Underutilization / poor feature onboarding,15.0
50724,10724,2025-09-12,Technical support backlog / unresolved SLA,499.0
50726,10726,2025-12-31,Underutilization / poor feature onboarding,99.0
50729,10729,2025-05-02,Missing features or platform limitations,499.0
50731,10731,2023-03-03,Missing features or platform limitations,15.0
50734,10734,2023-12-22,Technical support backlog / unresolved SLA,99.0
50736,10736,2025-12-18,Missing features or platform limitations,15.0
50737,10737,2024-02-21,Underutilization / poor feature onboarding,99.0
50739,10739,2025-12-08,Missing features or platform limitations,15.0
50748,10748,2023-12-10,Switched to direct competitor,99.0
50750,10750,2024-09-18,Underutilization / poor feature onboarding,15.0
50751,10751,2025-04-10,Technical support backlog / unresolved SLA,15.0
50753,10753,2025-12-05,Underutilization / poor feature onboarding,15.0
50754,10754,2024-12-12,Switched to direct competitor,15.0
50755,10755,2024-08-29,Price is too high / Budget cuts,15.0
50757,10757,2023-04-24,Underutilization / poor feature onboarding,15.0
50760,10760,2023-05-24,Price is too high / Budget cuts,15.0
50761,10761,2024-10-20,Switched to direct competitor,15.0
50765,10765,2024-02-12,Technical support backlog / unresolved SLA,15.0
50767,10767,2024-12-23,Underutilization / poor feature onboarding,15.0
50770,10770,2024-08-19,Price is too high / Budget cuts,15.0
50771,10771,2025-12-21,Price is too high / Budget cuts,499.0
50779,10779,2024-08-01,Technical support backlog / unresolved SLA,15.0
50783,10783,2025-03-09,Price is too high / Budget cuts,15.0
50786,10786,2025-12-14,Price is too high / Budget cuts,15.0
50794,10794,2025-04-08,Switched to direct competitor,15.0
50797,10797,2025-12-06,Technical support backlog / unresolved SLA,99.0
50800,10800,2023-08-07,Price is too high / Budget cuts,15.0
50801,10801,2025-12-03,Price is too high / Budget cuts,15.0
50803,10803,2025-12-03,Technical support backlog / unresolved SLA,99.0
50804,10804,2024-09-30,Switched to direct competitor,499.0
50806,10806,2023-12-05,Switched to direct competitor,99.0
50807,10807,2024-08-07,Price is too high / Budget cuts,15.0
50811,10811,2025-12-08,Missing features or platform limitations,99.0
50814,10814,2025-12-20,Underutilization / poor feature onboarding,15.0
50816,10816,2025-04-06,Missing features or platform limitations,99.0
50820,10820,2024-05-02,Underutilization / poor feature onboarding,15.0
50821,10821,2024-03-29,Missing features or platform limitations,99.0
50824,10824,2023-10-18,Switched to direct competitor,499.0
50826,10826,2023-09-25,Switched to direct competitor,99.0
50828,10828,2025-02-18,Price is too high / Budget cuts,15.0
50829,10829,2024-10-30,Price is too high / Budget cuts,15.0
50834,10834,2024-07-12,Price is too high / Budget cuts,15.0
50837,10837,2025-03-14,Price is too high / Budget cuts,15.0
50840,10840,2024-04-15,Technical support backlog / unresolved SLA,15.0
50841,10841,2025-09-09,Technical support backlog / unresolved SLA,15.0
50842,10842,2025-06-09,Missing features or platform limitations,15.0
50843,10843,2024-12-09,Missing features or platform limitations,15.0
50844,10844,2024-12-13,Switched to direct competitor,99.0
50846,10846,2025-08-11,Missing features or platform limitations,15.0
50848,10848,2025-12-31,Switched to direct competitor,15.0
50849,10849,2023-05-18,Price is too high / Budget cuts,99.0
50854,10854,2024-03-27,Switched to direct competitor,15.0
50858,10858,2023-04-12,Price is too high / Budget cuts,99.0
50861,10861,2024-05-02,Technical support backlog / unresolved SLA,15.0
50862,10862,2024-12-24,Switched to direct competitor,99.0
50864,10864,2025-07-22,Missing features or platform limitations,15.0
50868,10868,2025-07-17,Price is too high / Budget cuts,15.0
50870,10870,2025-12-29,Price is too high / Budget cuts,15.0
50871,10871,2025-03-29,Underutilization / poor feature onboarding,15.0
50873,10873,2025-05-14,Underutilization / poor feature onboarding,99.0
50875,10875,2025-10-13,Underutilization / poor feature onboarding,15.0
50878,10878,2024-04-27,Underutilization / poor feature onboarding,15.0
50879,10879,2025-03-07,Price is too high / Budget cuts,15.0
50881,10881,2025-11-12,Missing features or platform limitations,15.0
50882,10882,2025-09-22,Technical support backlog / unresolved SLA,15.0
50884,10884,2024-05-20,Price is too high / Budget cuts,15.0
50888,10888,2025-02-02,Price is too high / Budget cuts,99.0
50889,10889,2025-08-31,Switched to direct competitor,99.0
50890,10890,2025-04-29,Underutilization / poor feature onboarding,99.0
50893,10893,2024-07-08,Switched to direct competitor,15.0
50895,10895,2024-08-17,Underutilization / poor feature onboarding,15.0
50896,10896,2025-11-27,Price is too high / Budget cuts,15.0
50897,10897,2025-12-06,Switched to direct competitor,15.0
50898,10898,2025-12-28,Technical support backlog / unresolved SLA,15.0
50899,10899,2024-11-20,Price is too high / Budget cuts,15.0
50901,10901,2024-12-27,Price is too high / Budget cuts,15.0
50903,10903,2025-10-18,Price is too high / Budget cuts,15.0
50905,10905,2025-06-21,Switched to direct competitor,499.0
50906,10906,2024-09-10,Price is too high / Budget cuts,99.0
50908,10908,2025-09-22,Technical support backlog / unresolved SLA,15.0
50909,10909,2025-05-14,Price is too high / Budget cuts,99.0
50914,10914,2025-12-26,Underutilization / poor feature onboarding,15.0
50915,10915,2023-12-04,Switched to direct competitor,99.0
50919,10919,2024-01-09,Price is too high / Budget cuts,15.0
50922,10922,2025-01-13,Switched to direct competitor,499.0
50923,10923,2025-10-10,Price is too high / Budget cuts,15.0
50927,10927,2024-08-31,Price is too high / Budget cuts,99.0
50930,10930,2024-10-13,Price is too high / Budget cuts,15.0
50932,10932,2025-12-08,Price is too high / Budget cuts,99.0
50935,10935,2024-09-06,Underutilization / poor feature onboarding,15.0
50940,10940,2024-02-21,Price is too high / Budget cuts,15.0
50942,10942,2024-10-26,Price is too high / Budget cuts,15.0
50943,10943,2024-07-12,Underutilization / poor feature onboarding,15.0
50946,10946,2025-02-06,Switched to direct competitor,15.0
50948,10948,2025-04-05,Underutilization / poor feature onboarding,15.0
50949,10949,2025-07-29,Price is too high / Budget cuts,15.0
50950,10950,2025-03-12,Price is too high / Budget cuts,15.0
50951,10951,2025-01-23,Switched to direct competitor,99.0
50952,10952,2025-12-26,Missing features or platform limitations,499.0
50953,10953,2024-06-15,Switched to direct competitor,15.0
50954,10954,2023-12-02,Price is too high / Budget cuts,15.0
50956,10956,2025-09-04,Underutilization / poor feature onboarding,15.0
50958,10958,2025-04-27,Price is too high / Budget cuts,15.0
50959,10959,2024-11-12,Missing features or platform limitations,99.0
50967,10967,2025-12-31,Underutilization / poor feature onboarding,15.0
50969,10969,2024-11-24,Underutilization / poor feature onboarding,99.0
50970,10970,2026-01-01,Underutilization / poor feature onboarding,15.0
50971,10971,2024-05-27,Price is too high / Budget cuts,15.0
50972,10972,2024-12-08,Underutilization / poor feature onboarding,15.0
50974,10974,2023-10-10,Missing features or platform limitations,15.0
50978,10978,2025-06-01,Underutilization / poor feature onboarding,15.0
50980,10980,2025-03-28,Underutilization / poor feature onboarding,99.0
50981,10981,2024-09-18,Price is too high / Budget cuts,15.0
50982,10982,2024-12-13,Underutilization / poor feature onboarding,99.0
50985,10985,2023-05-01,Price is too high / Budget cuts,15.0
50987,10987,2023-05-26,Price is too high / Budget cuts,15.0
50990,10990,2023-06-05,Switched to direct competitor,15.0
50992,10992,2025-11-26,Switched to direct competitor,99.0
50994,10994,2025-12-23,Underutilization / poor feature onboarding,99.0
50997,10997,2024-05-02,Price is too high / Budget cuts,15.0
50998,10998,2024-04-02,Price is too high / Budget cuts,15.0
50999,10999,2025-12-22,Missing features or platform limitations,99.0
51002,11002,2025-04-02,Switched to direct competitor,15.0
51004,11004,2023-10-08,Price is too high / Budget cuts,15.0
51006,11006,2023-04-17,Underutilization / poor feature onboarding,15.0
51009,11009,2024-03-20,Underutilization / poor feature onboarding,15.0
51014,11014,2023-12-07,Price is too high / Budget cuts,99.0
51015,11015,2025-04-13,Missing features or platform limitations,99.0
51016,11016,2024-04-26,Price is too high / Budget cuts,15.0
51017,11017,2025-06-07,Switched to direct competitor,15.0
51019,11019,2023-12-30,Missing features or platform limitations,15.0
51021,11021,2024-02-27,Switched to direct competitor,15.0
51025,11025,2025-02-21,Price is too high / Budget cuts,15.0
51028,11028,2024-06-27,Price is too high / Budget cuts,15.0
51031,11031,2025-11-28,Technical support backlog / unresolved SLA,15.0
51033,11033,2025-12-06,Switched to direct competitor,99.0
51035,11035,2025-10-08,Underutilization / poor feature onboarding,15.0
51036,11036,2025-02-03,Missing features or platform limitations,99.0
51039,11039,2023-06-25,Missing features or platform limitations,15.0
51044,11044,2024-06-29,Price is too high / Budget cuts,15.0
51045,11045,2023-07-03,Switched to direct competitor,15.0
51046,11046,2024-10-14,Price is too high / Budget cuts,15.0
51047,11047,2025-05-23,Switched to direct competitor,499.0
51048,11048,2025-12-14,Technical support backlog / unresolved SLA,499.0
51049,11049,2025-06-12,Switched to direct competitor,15.0
51052,11052,2025-12-28,Price is too high / Budget cuts,15.0
51053,11053,2023-01-08,Underutilization / poor feature onboarding,15.0
51056,11056,2025-04-05,Switched to direct competitor,99.0
51065,11065,2024-11-29,Underutilization / poor feature onboarding,15.0
51067,11067,2024-04-24,Price is too high / Budget cuts,15.0
51069,11069,2025-12-10,Technical support backlog / unresolved SLA,99.0
51071,11071,2024-06-08,Missing features or platform limitations,99.0
51072,11072,2022-12-23,Underutilization / poor feature onboarding,15.0
51073,11073,2024-03-20,Switched to direct competitor,99.0
51074,11074,2025-09-16,Price is too high / Budget cuts,15.0
51078,11078,2025-12-22,Underutilization / poor feature onboarding,15.0
51083,11083,2024-07-21,Missing features or platform limitations,15.0
51086,11086,2024-08-01,Technical support backlog / unresolved SLA,15.0
51089,11089,2025-03-24,Switched to direct competitor,15.0
51091,11091,2024-12-07,Underutilization / poor feature onboarding,15.0
51092,11092,2024-12-12,Underutilization / poor feature onboarding,99.0
51094,11094,2025-04-11,Underutilization / poor feature onboarding,99.0
51095,11095,2025-08-03,Price is too high / Budget cuts,15.0
51101,11101,2023-06-19,Price is too high / Budget cuts,15.0
51104,11104,2025-05-16,Price is too high / Budget cuts,15.0
51105,11105,2025-05-16,Price is too high / Budget cuts,15.0
51106,11106,2025-01-09,Switched to direct competitor,15.0
51107,11107,2025-12-11,Missing features or platform limitations,499.0
51108,11108,2025-01-26,Underutilization / poor feature onboarding,15.0
51110,11110,2025-12-10,Switched to direct competitor,15.0
51111,11111,2023-12-26,Price is too high / Budget cuts,15.0
51112,11112,2023-11-12,Price is too high / Budget cuts,15.0
51114,11114,2023-03-07,Underutilization / poor feature onboarding,15.0
51116,11116,2025-06-14,Missing features or platform limitations,99.0
51118,11118,2024-11-29,Underutilization / poor feature onboarding,499.0
51123,11123,2024-03-01,Underutilization / poor feature onboarding,15.0
51125,11125,2024-05-10,Underutilization / poor feature onboarding,15.0
51126,11126,2024-08-04,Missing features or platform limitations,99.0
51128,11128,2024-09-27,Underutilization / poor feature onboarding,15.0
51130,11130,2024-08-31,Missing features or platform limitations,15.0
51131,11131,2025-08-18,Switched to direct competitor,15.0
51136,11136,2024-09-29,Underutilization / poor feature onboarding,15.0
51137,11137,2024-11-24,Underutilization / poor feature onboarding,15.0
51138,11138,2023-02-19,Switched to direct competitor,99.0
51141,11141,2025-01-24,Technical support backlog / unresolved SLA,15.0
51143,11143,2024-10-05,Price is too high / Budget cuts,99.0
51144,11144,2024-06-24,Switched to direct competitor,15.0
51145,11145,2024-01-16,Price is too high / Budget cuts,15.0
51146,11146,2025-10-03,Price is too high / Budget cuts,15.0
51148,11148,2023-12-07,Price is too high / Budget cuts,15.0
51149,11149,2025-01-06,Switched to direct competitor,15.0
51151,11151,2025-12-27,Underutilization / poor feature onboarding,15.0
51153,11153,2023-07-25,Price is too high / Budget cuts,15.0
51154,11154,2025-04-05,Missing features or platform limitations,99.0
51158,11158,2025-04-24,Switched to direct competitor,15.0
51160,11160,2024-05-28,Underutilization / poor feature onboarding,15.0
51161,11161,2025-12-07,Switched to direct competitor,99.0
51162,11162,2024-04-25,Switched to direct competitor,99.0
51163,11163,2024-07-11,Price is too high / Budget cuts,15.0
51165,11165,2024-06-16,Switched to direct competitor,15.0
51171,11171,2025-08-22,Price is too high / Budget cuts,99.0
51173,11173,2024-12-30,Technical support backlog / unresolved SLA,499.0
51174,11174,2024-08-20,Switched to direct competitor,99.0
51175,11175,2024-06-24,Technical support backlog / unresolved SLA,499.0
51178,11178,2024-10-04,Missing features or platform limitations,99.0
51180,11180,2024-10-25,Price is too high / Budget cuts,15.0
51182,11182,2023-08-18,Underutilization / poor feature onboarding,15.0
51184,11184,2024-08-24,Technical support backlog / unresolved SLA,99.0
51185,11185,2022-11-15,Underutilization / poor feature onboarding,15.0
51186,11186,2024-02-23,Missing features or platform limitations,15.0
51188,11188,2024-12-02,Switched to direct competitor,99.0
51190,11190,2024-01-20,Price is too high / Budget cuts,15.0
51191,11191,2025-11-03,Price is too high / Budget cuts,15.0
51197,11197,2024-08-17,Price is too high / Budget cuts,15.0
51206,11206,2024-10-18,Underutilization / poor feature onboarding,15.0
51208,11208,2025-08-08,Technical support backlog / unresolved SLA,15.0
51209,11209,2025-12-23,Price is too high / Budget cuts,15.0
51210,11210,2023-07-04,Price is too high / Budget cuts,15.0
51212,11212,2024-02-04,Switched to direct competitor,15.0
51213,11213,2024-12-31,Technical support backlog / unresolved SLA,15.0
51214,11214,2024-04-17,Underutilization / poor feature onboarding,15.0
51215,11215,2023-12-15,Switched to direct competitor,15.0
51216,11216,2024-09-02,Price is too high / Budget cuts,15.0
51217,11217,2025-12-21,Technical support backlog / unresolved SLA,499.0
51219,11219,2024-07-26,Missing features or platform limitations,15.0
51222,11222,2023-05-06,Technical support backlog / unresolved SLA,15.0
51227,11227,2025-01-30,Underutilization / poor feature onboarding,99.0
51230,11230,2025-07-09,Technical support backlog / unresolved SLA,15.0
51232,11232,2024-04-01,Switched to direct competitor,15.0
51233,11233,2025-08-19,Technical support backlog / unresolved SLA,15.0
51235,11235,2024-07-19,Underutilization / poor feature onboarding,15.0
51236,11236,2024-10-24,Technical support backlog / unresolved SLA,15.0
51242,11242,2024-12-11,Underutilization / poor feature onboarding,15.0
51245,11245,2024-06-07,Price is too high / Budget cuts,15.0
51246,11246,2024-12-14,Underutilization / poor feature onboarding,15.0
51249,11249,2025-08-07,Technical support backlog / unresolved SLA,15.0
51252,11252,2024-06-06,Underutilization / poor feature onboarding,15.0
51253,11253,2025-10-06,Switched to direct competitor,15.0
51255,11255,2024-07-25,Underutilization / poor feature onboarding,15.0
51256,11256,2023-08-03,Price is too high / Budget cuts,15.0
51257,11257,2023-12-09,Switched to direct competitor,15.0
51258,11258,2025-07-05,Price is too high / Budget cuts,15.0
51259,11259,2023-05-24,Technical support backlog / unresolved SLA,15.0
51263,11263,2025-12-06,Underutilization / poor feature onboarding,15.0
51268,11268,2024-12-27,Price is too high / Budget cuts,15.0
51270,11270,2025-12-03,Price is too high / Budget cuts,15.0
51271,11271,2025-03-25,Switched to direct competitor,99.0
51274,11274,2025-02-26,Missing features or platform limitations,499.0
51277,11277,2025-01-07,Underutilization / poor feature onboarding,15.0
51278,11278,2023-01-18,Price is too high / Budget cuts,15.0
51279,11279,2024-11-14,Price is too high / Budget cuts,15.0
51282,11282,2024-11-20,Underutilization / poor feature onboarding,99.0
51283,11283,2023-12-21,Technical support backlog / unresolved SLA,15.0
51286,11286,2023-05-03,Switched to direct competitor,15.0
51287,11287,2025-05-28,Underutilization / poor feature onboarding,15.0
51289,11289,2024-12-26,Missing features or platform limitations,99.0
51290,11290,2024-07-12,Technical support backlog / unresolved SLA,99.0
51292,11292,2024-06-12,Underutilization / poor feature onboarding,15.0
51297,11297,2023-02-26,Price is too high / Budget cuts,15.0
51299,11299,2025-12-16,Missing features or platform limitations,99.0
51300,11300,2025-06-20,Price is too high / Budget cuts,15.0
51303,11303,2025-09-07,Price is too high / Budget cuts,15.0
51305,11305,2023-09-15,Underutilization / poor feature onboarding,15.0
51306,11306,2024-02-21,Switched to direct competitor,15.0
51308,11308,2022-02-16,Underutilization / poor feature onboarding,15.0
51309,11309,2024-05-02,Underutilization / poor feature onboarding,15.0
51311,11311,2025-07-23,Switched to direct competitor,15.0
51312,11312,2023-04-01,Price is too high / Budget cuts,15.0
51314,11314,2022-12-08,Price is too high / Budget cuts,15.0
51315,11315,2025-12-03,Underutilization / poor feature onboarding,15.0
51317,11317,2025-04-16,Switched to direct competitor,15.0
51319,11319,2025-12-20,Technical support backlog / unresolved SLA,15.0
51324,11324,2024-03-29,Technical support backlog / unresolved SLA,15.0
51333,11333,2025-10-16,Technical support backlog / unresolved SLA,15.0
51334,11334,2025-10-23,Underutilization / poor feature onboarding,99.0
51339,11339,2023-05-20,Switched to direct competitor,15.0
51341,11341,2024-06-25,Switched to direct competitor,99.0
51342,11342,2025-10-22,Price is too high / Budget cuts,15.0
51343,11343,2023-03-21,Missing features or platform limitations,15.0
51344,11344,2024-06-09,Underutilization / poor feature onboarding,15.0
51354,11354,2024-05-03,Switched to direct competitor,99.0
51355,11355,2025-12-18,Technical support backlog / unresolved SLA,15.0
51358,11358,2023-10-25,Switched to direct competitor,15.0
51360,11360,2025-09-04,Price is too high / Budget cuts,15.0
51363,11363,2024-09-01,Price is too high / Budget cuts,15.0
51367,11367,2025-09-13,Price is too high / Budget cuts,15.0
51368,11368,2025-12-27,Missing features or platform limitations,15.0
51370,11370,2025-09-05,Price is too high / Budget cuts,15.0
51372,11372,2023-07-16,Underutilization / poor feature onboarding,15.0
51375,11375,2025-12-15,Switched to direct competitor,15.0
51376,11376,2022-04-11,Switched to direct competitor,15.0
51379,11379,2024-08-11,Price is too high / Budget cuts,15.0
51383,11383,2025-01-13,Underutilization / poor feature onboarding,15.0
51385,11385,2024-09-04,Technical support backlog / unresolved SLA,15.0
51392,11392,2024-02-07,Price is too high / Budget cuts,15.0
51395,11395,2025-03-18,Price is too high / Budget cuts,15.0
51398,11398,2024-05-24,Underutilization / poor feature onboarding,15.0
51399,11399,2025-11-19,Price is too high / Budget cuts,15.0
51405,11405,2024-09-11,Underutilization / poor feature onboarding,15.0
51411,11411,2025-01-16,Technical support backlog / unresolved SLA,15.0
51412,11412,2025-12-31,Price is too high / Budget cuts,15.0
51414,11414,2025-12-21,Switched to direct competitor,15.0
51415,11415,2023-12-18,Missing features or platform limitations,15.0
51419,11419,2024-12-26,Missing features or platform limitations,499.0
51420,11420,2024-07-02,Price is too high / Budget cuts,99.0
51424,11424,2025-09-01,Underutilization / poor feature onboarding,15.0
51426,11426,2025-12-28,Technical support backlog / unresolved SLA,99.0
51427,11427,2025-05-12,Underutilization / poor feature onboarding,99.0
51433,11433,2023-01-12,Switched to direct competitor,15.0
51434,11434,2025-03-20,Price is too high / Budget cuts,99.0
51435,11435,2024-02-04,Switched to direct competitor,99.0
51436,11436,2023-01-06,Switched to direct competitor,499.0
51437,11437,2025-07-11,Price is too high / Budget cuts,15.0
51439,11439,2024-03-05,Switched to direct competitor,15.0
51441,11441,2024-12-03,Price is too high / Budget cuts,99.0
51442,11442,2025-09-25,Price is too high / Budget cuts,15.0
51445,11445,2025-12-11,Underutilization / poor feature onboarding,15.0
51446,11446,2025-07-16,Underutilization / poor feature onboarding,15.0
51449,11449,2025-12-22,Price is too high / Budget cuts,99.0
51450,11450,2025-03-02,Switched to direct competitor,15.0
51454,11454,2025-03-27,Switched to direct competitor,499.0
51457,11457,2025-12-31,Underutilization / poor feature onboarding,99.0
51458,11458,2025-05-03,Underutilization / poor feature onboarding,99.0
51460,11460,2025-06-13,Underutilization / poor feature onboarding,15.0
51461,11461,2024-09-10,Underutilization / poor feature onboarding,15.0
51462,11462,2024-07-29,Switched to direct competitor,15.0
51463,11463,2024-09-22,Missing features or platform limitations,499.0
51464,11464,2025-12-21,Missing features or platform limitations,15.0
51465,11465,2024-12-12,Technical support backlog / unresolved SLA,15.0
51466,11466,2023-04-03,Technical support backlog / unresolved SLA,99.0
51467,11467,2023-07-09,Price is too high / Budget cuts,15.0
51469,11469,2025-04-25,Price is too high / Budget cuts,15.0
51471,11471,2025-03-17,Technical support backlog / unresolved SLA,99.0
51474,11474,2025-06-16,Underutilization / poor feature onboarding,99.0
51476,11476,2025-05-16,Switched to direct competitor,15.0
51477,11477,2025-03-04,Underutilization / poor feature onboarding,499.0
51478,11478,2025-01-28,Price is too high / Budget cuts,15.0
51480,11480,2025-01-13,Price is too high / Budget cuts,99.0
51481,11481,2024-04-03,Price is too high / Budget cuts,15.0
51486,11486,2025-05-21,Underutilization / poor feature onboarding,15.0
51491,11491,2022-10-09,Underutilization / poor feature onboarding,15.0
51498,11498,2024-11-13,Underutilization / poor feature onboarding,15.0
51499,11499,2025-12-16,Missing features or platform limitations,99.0
